{
  "session_id": "20250701_155618",
  "source_files": [
    "c:\\dev\\AIOS\\CONSCIOUSNESS_EVOLUTION_ROADMAP.md",
    "c:\\dev\\AIOS\\SESSION_SUMMARY.md",
    "c:\\dev\\AIOS\\CONTEXT_REHARMONIZATION_GUIDE.md",
    "c:\\dev\\AIOS\\REGISTRY_CLEANUP_GUIDE.md",
    "c:\\dev\\AIOS\\CONSCIOUSNESS_EVOLUTION_PROTOCOL.md",
    "c:\\dev\\AIOS\\DEVELOPMENT_ENVIRONMENT_STATUS.md",
    "c:\\dev\\AIOS\\INTEGRATION_COMPLETE_SUMMARY.md",
    "c:\\dev\\AIOS\\OS0.3_DEVELOPMENT_STATUS.md",
    "c:\\dev\\AIOS\\UNIFIED_DEVELOPMENT_OPTIMIZATION.md",
    "c:\\dev\\AIOS\\OPTIMIZATION_REPORT.md",
    "c:\\dev\\AIOS\\PYTHON_SYSTEM_CLEANUP_GUIDE.md",
    "c:\\dev\\AIOS\\SAFETY_IMPLEMENTATION_SUMMARY.md",
    "c:\\dev\\AIOS\\UNIFIED_PROJECT_STATUS.md",
    "c:\\dev\\AIOS\\PROJECT_REORGANIZATION_PLAN.md",
    "c:\\dev\\AIOS\\REORGANIZATION_STATUS.md",
    "c:\\dev\\AIOS\\MAGNUS_BLUEPRINT_AI_KNOWLEDGE_TRANSFER.md",
    "c:\\dev\\AIOS\\QUICK_CONTEXT_PROMPTS.md",
    "c:\\dev\\AIOS\\SAFETY_PROTOCOL.md",
    "c:\\dev\\AIOS\\PHASE_1A_BREAKTHROUGH_SUMMARY.md",
    "c:\\dev\\AIOS\\POWERSHELL_TERMINAL_GUIDE.md",
    "c:\\dev\\AIOS\\CURRENT_STATUS.md"
  ],
  "compression_ratio": 0.9614368394564671,
  "semantic_coherence_score": 0.95,
  "eliminated_redundancy": [],
  "preserved_essence": [
    "status: 94 fragments consolidated",
    "environment: 111 fragments consolidated",
    "development: 37 fragments consolidated",
    "consciousness: 239 fragments consolidated",
    "architecture: 148 fragments consolidated",
    "general: 144 fragments consolidated",
    "safety: 48 fragments consolidated",
    "history: 10 fragments consolidated"
  ],
  "fragment_count": 831,
  "distillation_timestamp": "2025-07-01T16:10:18.491930"
}