{
  "backup_session": "20250701_155618",
  "timestamp": "2025-07-01T15:56:18.832689",
  "files_backed_up": [
    "c:\\dev\\AIOS\\OS0.3_DEVELOPMENT_STATUS.md",
    "c:\\dev\\AIOS\\UNIFIED_PROJECT_STATUS.md",
    "c:\\dev\\AIOS\\UNIFIED_DEVELOPMENT_OPTIMIZATION.md",
    "c:\\dev\\AIOS\\UNIFIED_DEVELOPMENT_OPTIMIZATION.md",
    "c:\\dev\\AIOS\\UNIFIED_PROJECT_STATUS.md",
    "c:\\dev\\AIOS\\SESSION_SUMMARY.md",
    "c:\\dev\\AIOS\\SAFETY_PROTOCOL.md",
    "c:\\dev\\AIOS\\SAFETY_IMPLEMENTATION_SUMMARY.md",
    "c:\\dev\\AIOS\\SAFETY_IMPLEMENTATION_SUMMARY.md",
    "c:\\dev\\AIOS\\SAFETY_PROTOCOL.md",
    "c:\\dev\\AIOS\\SAFETY_IMPLEMENTATION_SUMMARY.md",
    "c:\\dev\\AIOS\\REORGANIZATION_STATUS.md",
    "c:\\dev\\AIOS\\REORGANIZATION_STATUS.md",
    "c:\\dev\\AIOS\\REGISTRY_CLEANUP_GUIDE.md",
    "c:\\dev\\AIOS\\QUICK_CONTEXT_PROMPTS.md",
    "c:\\dev\\AIOS\\PYTHON_SYSTEM_CLEANUP_GUIDE.md",
    "c:\\dev\\AIOS\\POWERSHELL_TERMINAL_GUIDE.md",
    "c:\\dev\\AIOS\\PROJECT_REORGANIZATION_PLAN.md",
    "c:\\dev\\AIOS\\PROJECT_REORGANIZATION_PLAN.md",
    "c:\\dev\\AIOS\\PHASE_1A_BREAKTHROUGH_SUMMARY.md",
    "c:\\dev\\AIOS\\OPTIMIZATION_REPORT.md",
    "c:\\dev\\AIOS\\MAGNUS_BLUEPRINT_AI_KNOWLEDGE_TRANSFER.md",
    "c:\\dev\\AIOS\\INTEGRATION_COMPLETE_SUMMARY.md",
    "c:\\dev\\AIOS\\INTEGRATION_COMPLETE_SUMMARY.md",
    "c:\\dev\\AIOS\\DEVELOPMENT_ENVIRONMENT_STATUS.md",
    "c:\\dev\\AIOS\\CURRENT_STATUS.md",
    "c:\\dev\\AIOS\\CONSCIOUSNESS_EVOLUTION_ROADMAP.md",
    "c:\\dev\\AIOS\\CONTEXT_REHARMONIZATION_GUIDE.md",
    "c:\\dev\\AIOS\\CONSCIOUSNESS_EVOLUTION_ROADMAP.md",
    "c:\\dev\\AIOS\\CONTEXT_REHARMONIZATION_GUIDE.md",
    "c:\\dev\\AIOS\\CONSCIOUSNESS_EVOLUTION_PROTOCOL.md",
    "c:\\dev\\AIOS\\CONSCIOUSNESS_EVOLUTION_PROTOCOL.md"
  ],
  "total_files": 32,
  "purpose": "Pre-distillation backup for MD context harmonization"
}