{
    "backup\\adn_trash_code\\replicated_CodeBot\\adn_trash_code\\replicated_CodeBot\\adn_trash_code\\replicated_CodeBot\\adn_trash_code\\replicated_CodeBot\\adn_trash_code\\replicated_CodeBot\\adn_trash_code\\replicated_CodeBot\\adn_trash_code\\replicated_CodeBot\\adn_trash_code\\replicated_CodeBot\\adn_trash_code\\replicated_CodeBot\\adn_trash_code\\replicated_CodeBot\\adn_trash_code\\replicated_CodeBot\\adn_trash_code\\replicated_CodeBot\\adn_trash_code\\replicated_CodeBot\\adn_trash_code\\knowledge_base\\codebase\\venv\\Lib\\site-packages\\torch\\_dynamo\\bytecode_analysis.py": {
        "imports": [
            "bisect",
            "dataclasses",
            "dis",
            "sys",
            "typing"
        ]
    },
    "backup\\adn_trash_code\\replicated_CodeBot\\adn_trash_code\\replicated_CodeBot\\adn_trash_code\\replicated_CodeBot\\adn_trash_code\\replicated_CodeBot\\adn_trash_code\\replicated_CodeBot\\adn_trash_code\\replicated_CodeBot\\adn_trash_code\\replicated_CodeBot\\adn_trash_code\\replicated_CodeBot\\adn_trash_code\\replicated_CodeBot\\adn_trash_code\\replicated_CodeBot\\adn_trash_code\\replicated_CodeBot\\adn_trash_code\\replicated_CodeBot\\adn_trash_code\\replicated_CodeBot\\adn_trash_code\\replicated_CodeBot\\adn_trash_code\\replicated_CodeBot\\adn_trash_code\\knowledge_base\\codebot.codebase\\venv\\Lib\\site-packages\\torch\\_tensor_str.py": {
        "imports": [
            "contextlib",
            "dataclasses",
            "math",
            "textwrap",
            "typing",
            "torch",
            "torch"
        ]
    },
    "core\\ai_engine.py": {
        "imports": [
            "transformers",
            "typing"
        ]
    },
    "core\\analyze_structure.py": {
        "imports": [
            "os",
            "json",
            "re"
        ]
    },
    "core\\codebot_core.py": {
        "imports": [
            "os",
            "sys",
            "threading",
            "time",
            "psutil",
            "logging",
            "shutil",
            "openai",
            "rich.console",
            "rich.table",
            "rich.panel",
            "rich.layout",
            "rich.prompt",
            "self_improvement",
            "ai_engine",
            "self_improvement",
            "genetic.genetic_iteration"
        ]
    },
    "core\\self_improvement.py": {
        "imports": [
            "ast",
            "autopep8",
            "random",
            "shutil",
            "os",
            "requests",
            "hashlib",
            "subprocess",
            "time",
            "venv",
            "sys",
            "os"
        ]
    },
    "genetic\\genetic_algorithm.py": {
        "imports": [
            "os",
            "random",
            "math",
            "logging",
            "numpy"
        ]
    },
    "genetic\\genetic_iteration.py": {
        "imports": [
            "os",
            "shutil",
            "logging",
            "sys"
        ]
    },
    "genetic\\genetic_optimizer.py": {
        "imports": [
            "astdom",
            "autopep8",
            "random",
            "shutil",
            "os",
            "requests",
            "hashlib",
            "subprocess",
            "time",
            "venv",
            "logging",
            "sys",
            "os"
        ]
    },
    "genetic\\genetic_pulation.py": {
        "imports": [
            "astdomg",
            "autopep8improvement",
            "random",
            "shutilConfig(level=logging.INFO,",
            "os",
            "requestste_population():",
            "hashlibe",
            "subprocess\"genetic_population\"",
            "timeion",
            "venvlen(population)",
            "loggingdual",
            "sys",
            "os"
        ]
    },
    "genetic\\genetic_structure.py": {
        "imports": [
            "sys",
            "os",
            "shutil",
            "logging"
        ]
    },
    "genetic_population\\child_0.py": {
        "imports": [
            "os"
        ]
    },
    "genetic_population\\child_1.py": {
        "imports": [
            "os"
        ]
    },
    "genetic_population\\child_2.py": {
        "imports": [
            "os"
        ]
    },
    "genetic_population\\child_3.py": {
        "imports": [
            "os"
        ]
    },
    "genetic_population\\child_4.py": {
        "imports": [
            "os"
        ]
    },
    "genetic_population\\child_5.py": {
        "imports": [
            "os"
        ]
    },
    "genetic_population\\child_6.py": {
        "imports": [
            "os"
        ]
    },
    "genetic_population\\child_7.py": {
        "imports": [
            "os"
        ]
    },
    "genetic_population\\child_8.py": {
        "imports": [
            "os"
        ]
    },
    "genetic_population\\child_9.py": {
        "imports": [
            "os"
        ]
    },
    "genetic_population\\individual_0.py": {
        "imports": [
            "os"
        ]
    },
    "genetic_population\\individual_1.py": {
        "imports": [
            "os"
        ]
    },
    "genetic_population\\individual_2.py": {
        "imports": [
            "os"
        ]
    },
    "genetic_population\\individual_3.py": {
        "imports": [
            "os"
        ]
    },
    "genetic_population\\individual_4.py": {
        "imports": [
            "os"
        ]
    },
    "modules\\browser_ingest.py": {
        "imports": [
            "selenium",
            "selenium.webdriver.common.by",
            "selenium.webdriver.support.ui",
            "selenium.webdriver.support"
        ]
    },
    "modules\\chatbot.py": {
        "imports": []
    },
    "modules\\compression.py": {
        "imports": [
            "os",
            "zipfile"
        ]
    },
    "modules\\dictionaries.py": {
        "imports": [
            "os",
            "nltk",
            "nltk.corpus"
        ]
    },
    "modules\\file_manager.py": {
        "imports": [
            "os"
        ]
    },
    "modules\\functions.py": {
        "imports": [
            "os"
        ]
    },
    "modules\\knowledge_base.py": {
        "imports": [
            "os",
            "zipfile",
            "shutil",
            "datetime",
            "modules.file_manager"
        ]
    },
    "modules\\learning.py": {
        "imports": [
            "os"
        ]
    },
    "modules\\resources.py": {
        "imports": [
            "psutil",
            "time",
            "json",
            "os",
            "datetime"
        ]
    },
    "modules\\self_audit.py": {
        "imports": [
            "metadata_extractor"
        ]
    },
    "modules\\summarization.py": {
        "imports": [
            "time",
            "os",
            "shutil",
            "modules.compression",
            "os",
            "shutil"
        ]
    },
    "modules\\text_injector.py": {
        "imports": [
            "modules.file_manager"
        ]
    },
    "modules\\ui_interface.py": {
        "imports": [
            "sys",
            "tkinter",
            "tkinter",
            "modules.dictionaries",
            "modules.file_manager",
            "modules.knowledge_base",
            "core.ai_engine",
            "modules.chatbot"
        ]
    },
    "modules\\utils.py": {
        "imports": [
            "os"
        ]
    },
    "modules\\__init__.py": {
        "imports": []
    },
    "tests\\test_ai_engine.py": {
        "imports": []
    },
    "tests\\test_codebot_core.py": {
        "imports": [
            "pytest"
        ]
    },
    "tests\\test_pipeline.py": {
        "imports": [
            "sys",
            "os",
            "pytest",
            "genetic.genetic_algorithm",
            "utils.pipeline",
            "genetic.genetic_algorithm"
        ]
    },
    "utils\\cleanup.py": {
        "imports": [
            "os",
            "shutil"
        ]
    },
    "utils\\logging.py": {
        "imports": [
            "os",
            "random",
            "logging"
        ]
    },
    "utils\\pipeline.py": {
        "imports": [
            "core.analyze_structure",
            "optimize_structure",
            "genetic.genetic_optimizer"
        ]
    }
}